date,course,race,winner,sp,favourite
2026-05-02,Newmarket,2000 Guineas,Bow Echo,9/2,False
2026-05-03,Newmarket,1000 Guineas,True Love,5/1,False
2026-05-16,Newbury,Lockinge Stakes,Notable Speech,2/1F,True
2026-06-05,Epsom,Oaks Stakes,Thundering On,5/1,False
2026-06-06,Epsom,Coronation Cup,Bay City Roller,17/2,False
2026-06-06,Epsom,Derby Stakes,Christmas Day,7/1,False
2026-06-16,Ascot,Queen Anne Stakes,Ten Bob Tony,50/1,False
2026-06-16,Ascot,King Charles III Stakes,Mission Central,14/1,False
2026-06-16,Ascot,St James's Palace Stakes,Bow Echo,5/6F,True
2026-06-17,Ascot,Prince of Wales's Stakes,Ombudsman,11/10F,True
2026-06-18,Ascot,Gold Cup,Scandinavia,11/8F,True
2026-06-19,Ascot,Commonwealth Cup,Venetian Sun,11/8F,True
2026-06-19,Ascot,Coronation Stakes,Precise,8/13F,True
2026-06-20,Ascot,Queen Elizabeth II Jubilee Stakes,Almeraq,25/1,False
2026-07-04,Sandown,Eclipse Stakes,Constitution River,8/11F,True
2026-07-10,Newmarket,Falmouth Stakes,Blue Bolt,85/40,False
2026-07-11,Newmarket,July Cup,Comanche Brave,11/1,False
2026-07-25,Ascot,King George VI & Queen Elizabeth Stakes,Kalpana,13/2,False
2026-07-28,Goodwood,Goodwood Cup,Scandinavia,6/5F,True
2026-07-29,Goodwood,Sussex Stakes,Bow Echo,10/11F,True
2026-07-30,Goodwood,Nassau Stakes,Diamond Necklace,4/6F,True
2026-08-19,York,International Stakes,Item,10/1,False
2026-08-20,York,Yorkshire Oaks,Kalpana,10/11F,True
2026-08-21,York,Nunthorpe Stakes,Bacio,3/1,True
2026-08-22,York,City of York Stakes,Notable Speech,9/4,True
2026-09-05,Haydock,Sprint Cup,Almeraq,9/4F,True
2026-09-12,Doncaster,St Leger Stakes,Highwayman,11/1,False
2026-09-26,Newmarket,Cheveley Park Stakes,Sun Goddess,5/6F,True
2026-09-26,Newmarket,Middle Park Stakes,Orthodox,7/2,False
